﻿Designator,Footprint,Quantity,Value,LCSC Part #
"C1, C16, C17, C25, C5, C7",0603,6,22uF 6.3V,C59461
"C10, C2, C22, C23, C24, C6",0805,6,22uF 25V,C45783
"C11, C12, C13, C18, C19, C20, C21, C26, C3, C4, C8, C9",0402,12,0.1uF 16V,C1525
"C14, C15",0402,2,1uF 25V, C52923
D1,D_SMA,1,SS34,C8678
"J1, J15, J2, J3, J4, J5",PinHeader_1x01_P2.54mm_Vertical,6,Conn_hole,
"J10, J6, J7, J9",PinSocket_1x02_P2.54mm_Vertical,4,Conn_01x02_Socket,
"J11, J12, J13, J14",PinHeader_1x06_P1.27mm_Vertical,4,Conn_01x06_Socket,
J8,PinSocket_1x08_P2.54mm_Vertical,1,Conn_01x08_Socket,
L2,L_TDK_VLS6045EX_VLS6045AF,1,22uH 1.4A,C241601
"R1, R4, R5, R9",0603,4,10k,C25804
"R2, R3",0603,2,1k 1%,C21190
"R7, R8",0603,2,4.7k,C23162
U1,SOT-23-6,1,SX1308,C78162
"U2, U3, U6, U7",WSON-8-1EP_2x2mm_P0.5mm_EP0.9x1.6mm,4,DRV8837,C39159
U4,InvenSense_QFN-24_3x3mm_P0.4mm,1,MPU-6500,C50278
U5,Texas_X2SON-4_1x1mm_P0.65mm,1,TPS7A20xxxDQN,C2878130
U8,SOT-223-3_TabPin2,1,AMS1117-3.3,C6186
